{
  "interactionModel": {
    "languageModel": {
      "invocationName": "organização financeira",
      "intents": [
        {
          "name": "AMAZON.CancelIntent",
          "samples": []
        },
        {
          "name": "AMAZON.HelpIntent",
          "samples": []
        },
        {
          "name": "AMAZON.StopIntent",
          "samples": []
        },
        {
          "name": "AMAZON.NavigateHomeIntent",
          "samples": []
        },
        {
          "name": "CadastrarMetas",
          "slots": [
            {
              "name": "MetaNome",
              "type": "AMAZON.FirstName"
            },
            {
              "name": "MetaValor",
              "type": "AMAZON.NUMBER"
            },
            {
              "name": "MetaData",
              "type": "AMAZON.DATE"
            }
          ],
          "samples": [
            "Cadastrar meta para {MetaData}",
            "Cadastrar de {MetaValor}",
            "Cadastrar meta de valor {MetaValor}",
            "Cadastrar meta de nome {MetaNome}",
            "Cadastre a meta {MetaNome}",
            "Cadastre a meta {MetaNome} de valor {MetaValor} e data limite {MetaData}",
            "Cadastrar meta {MetaNome} de valor {MetaValor} e data limite {MetaData}"
          ]
        },
        {
          "name": "CadastrarDespesas",
          "slots": [
            {
              "name": "DespesaNome",
              "type": "AMAZON.FirstName"
            },
            {
              "name": "DespesaValor",
              "type": "AMAZON.NUMBER"
            },
            {
              "name": "DespesaVencimento",
              "type": "AMAZON.DATE"
            }
          ],
          "samples": [
            "Cadastrar despesa de vencimento na data {DespesaVencimento}",
            "Cadastrar despesa de valor {DespesaValor}",
            "Cadastrar despesa de nome {DespesaNome}",
            "Cadastrar Despesa",
            "Cadastrar despesa de nome {DespesaNome}  valor {DespesaValor} e vencimento {DespesaVencimento}"
          ]
        },
        {
          "name": "CadastrarInvestimento",
          "slots": [
            {
              "name": "InvestimentoNome",
              "type": "AMAZON.FirstName"
            },
            {
              "name": "InvestimentoInicial",
              "type": "AMAZON.NUMBER"
            },
            {
              "name": "InvestimentoRentabilidade",
              "type": "AMAZON.NUMBER"
            },
            {
              "name": "InvestimentoPeriodicidade",
              "type": "AMAZON.TIME"
            },
            {
              "name": "InvestimentoData",
              "type": "AMAZON.DATE"
            }
          ],
          "samples": [
            "Cadastradar {InvestimentoNome} de rendimento de {InvestimentoRentabilidade} porcento por {InvestimentoPeriodicidade}  Este investimento será mantido até {InvestimentoData}  e seu valor inicial será de {InvestimentoInicial}",
            "Cadastrar investimento de valor inicial {InvestimentoInicial}",
            "Cadastrar investimento de rendimento {InvestimentoRentabilidade}",
            "Cadastrar investimento de nome {InvestimentoNome}",
            "Cadastrar Investimento de nome {InvestimentoNome} com percentual de rendimento de {InvestimentoRentabilidade} e valor inicial {InvestimentoInicial}"
          ]
        },
        {
          "name": "CadastrarRendas",
          "slots": [
            {
              "name": "RendaNome",
              "type": "AMAZON.FirstName"
            },
            {
              "name": "RendaValor",
              "type": "AMAZON.NUMBER"
            },
            {
              "name": "RendaPeriodo",
              "type": "AMAZON.TIME"
            }
          ],
          "samples": [
            "Cadastra renda {RendaNome} de valor {RendaValor} e periodicidade {RendaPeriodo}",
            "Cadastrar renda de periodicidade {RendaPeriodo}",
            "Cadastrar renda de valor {RendaValor} ",
            "Cadastrar renda {RendaNome}",
            "Cadastre a renda {RendaNome} de valor {RendaValor} e periodicidade {RendaPeriodo}",
            "Cadastre renda",
            "Cadastrar renda"
          ]
        },
        {
          "name": "LembreteFinanceiro",
          "slots": [
            {
              "name": "LembreteNome",
              "type": "AMAZON.FirstName"
            },
            {
              "name": "LembreteData",
              "type": "AMAZON.DATE"
            },
            {
              "name": "LembretePeriodo",
              "type": "AMAZON.TIME"
            }
          ],
          "samples": [
            "Cadastrar lembrete {LembreteNome}",
            "Cadastrar lembrete de nome {LembreteNome} para {LembreteData} de periodicidade {LembretePeriodo}",
            "Cadastrar lembrete",
            "Cadastrar lembrete financeiro"
          ]
        }
      ],
      "types": []
    },
    "dialog": {
      "intents": [
        {
          "name": "CadastrarMetas",
          "confirmationRequired": true,
          "prompts": {
            "confirmation": "Confirm.Intent.299573259663"
          },
          "slots": [
            {
              "name": "MetaNome",
              "type": "AMAZON.FirstName",
              "elicitationRequired": true,
              "confirmationRequired": false,
              "prompts": {
                "elicitation": "Elicit.Slot.1534686796923.184384272745"
              }
            },
            {
              "name": "MetaValor",
              "type": "AMAZON.NUMBER",
              "elicitationRequired": true,
              "confirmationRequired": false,
              "prompts": {
                "elicitation": "Elicit.Slot.1534686796923.864439860263"
              }
            },
            {
              "name": "MetaData",
              "type": "AMAZON.DATE",
              "elicitationRequired": true,
              "confirmationRequired": false,
              "prompts": {
                "elicitation": "Elicit.Slot.1534686796923.1617618286790"
              }
            }
          ]
        },
        {
          "name": "CadastrarDespesas",
          "confirmationRequired": true,
          "prompts": {
            "confirmation": "Confirm.Intent.794641548916"
          },
          "slots": [
            {
              "name": "DespesaNome",
              "type": "AMAZON.FirstName",
              "elicitationRequired": true,
              "confirmationRequired": false,
              "prompts": {
                "elicitation": "Elicit.Slot.794641548916.745516342022"
              }
            },
            {
              "name": "DespesaValor",
              "type": "AMAZON.NUMBER",
              "elicitationRequired": true,
              "confirmationRequired": false,
              "prompts": {
                "elicitation": "Elicit.Slot.794641548916.940947146183"
              }
            },
            {
              "name": "DespesaVencimento",
              "type": "AMAZON.DATE",
              "elicitationRequired": true,
              "confirmationRequired": false,
              "prompts": {
                "elicitation": "Elicit.Slot.794641548916.1587599230398"
              }
            }
          ]
        },
        {
          "name": "CadastrarInvestimento",
          "confirmationRequired": true,
          "prompts": {
            "confirmation": "Confirm.Intent.470626244692"
          },
          "slots": [
            {
              "name": "InvestimentoNome",
              "type": "AMAZON.FirstName",
              "elicitationRequired": true,
              "confirmationRequired": false,
              "prompts": {
                "elicitation": "Elicit.Slot.46458018102.906269870788"
              }
            },
            {
              "name": "InvestimentoInicial",
              "type": "AMAZON.NUMBER",
              "elicitationRequired": true,
              "confirmationRequired": false,
              "prompts": {
                "elicitation": "Elicit.Slot.46458018102.210311314616"
              }
            },
            {
              "name": "InvestimentoRentabilidade",
              "type": "AMAZON.NUMBER",
              "elicitationRequired": true,
              "confirmationRequired": false,
              "prompts": {
                "elicitation": "Elicit.Slot.470626244692.165985606379"
              }
            },
            {
              "name": "InvestimentoPeriodicidade",
              "type": "AMAZON.TIME",
              "elicitationRequired": true,
              "confirmationRequired": false,
              "prompts": {
                "elicitation": "Elicit.Slot.470626244692.1141911847275"
              }
            },
            {
              "name": "InvestimentoData",
              "type": "AMAZON.DATE",
              "elicitationRequired": true,
              "confirmationRequired": false,
              "prompts": {
                "elicitation": "Elicit.Slot.470626244692.378919298518"
              }
            }
          ]
        },
        {
          "name": "CadastrarRendas",
          "confirmationRequired": true,
          "prompts": {
            "confirmation": "Confirm.Intent.1129556729890"
          },
          "slots": [
            {
              "name": "RendaNome",
              "type": "AMAZON.FirstName",
              "elicitationRequired": true,
              "confirmationRequired": false,
              "prompts": {
                "elicitation": "Elicit.Slot.1129556729890.1040435192596"
              }
            },
            {
              "name": "RendaValor",
              "type": "AMAZON.NUMBER",
              "elicitationRequired": true,
              "confirmationRequired": false,
              "prompts": {
                "elicitation": "Elicit.Slot.1129556729890.1316991872798"
              }
            },
            {
              "name": "RendaPeriodo",
              "type": "AMAZON.TIME",
              "elicitationRequired": true,
              "confirmationRequired": false,
              "prompts": {
                "elicitation": "Elicit.Slot.1129556729890.1226561764214"
              }
            }
          ]
        },
        {
          "name": "LembreteFinanceiro",
          "confirmationRequired": true,
          "prompts": {
            "confirmation": "Confirm.Intent.1293602728827"
          },
          "slots": [
            {
              "name": "LembreteNome",
              "type": "AMAZON.FirstName",
              "elicitationRequired": true,
              "confirmationRequired": false,
              "prompts": {
                "elicitation": "Elicit.Slot.1293602728827.761449698799"
              }
            },
            {
              "name": "LembreteData",
              "type": "AMAZON.DATE",
              "elicitationRequired": true,
              "confirmationRequired": false,
              "prompts": {
                "elicitation": "Elicit.Slot.1293602728827.81601523439"
              }
            },
            {
              "name": "LembretePeriodo",
              "type": "AMAZON.TIME",
              "elicitationRequired": true,
              "confirmationRequired": false,
              "prompts": {
                "elicitation": "Elicit.Slot.1293602728827.284147794603"
              }
            }
          ]
        }
      ],
      "delegationStrategy": "ALWAYS"
    },
    "prompts": [
      {
        "id": "Elicit.Slot.1534686796923.184384272745",
        "variations": [
          {
            "type": "PlainText",
            "value": "Qual o nome da meta?"
          }
        ]
      },
      {
        "id": "Elicit.Slot.1534686796923.864439860263",
        "variations": [
          {
            "type": "PlainText",
            "value": "Qual o valor da meta?"
          }
        ]
      },
      {
        "id": "Elicit.Slot.1534686796923.1617618286790",
        "variations": [
          {
            "type": "PlainText",
            "value": "Qual a data limite da meta?"
          }
        ]
      },
      {
        "id": "Confirm.Intent.1534686796923",
        "variations": [
          {
            "type": "PlainText",
            "value": "Meta {Meta.Nome} cadastrada com sucesso. Seu valor é {Meta.Valor} e sua data limite {Meta.Data} ."
          }
        ]
      },
      {
        "id": "Confirm.Intent.299573259663",
        "variations": [
          {
            "type": "PlainText",
            "value": "A meta a ser cadastrada é {MetaNome} de {MetaValor} para a data de {MetaData}"
          }
        ]
      },
      {
        "id": "Confirm.Intent.794641548916",
        "variations": [
          {
            "type": "PlainText",
            "value": "A despesa cadastrada é {DespesaNome} de valor {DespesaValor} e vencimento {DespesaVencimento}"
          }
        ]
      },
      {
        "id": "Elicit.Slot.794641548916.745516342022",
        "variations": [
          {
            "type": "PlainText",
            "value": "Qual o nome da despesa?"
          }
        ]
      },
      {
        "id": "Elicit.Slot.794641548916.940947146183",
        "variations": [
          {
            "type": "PlainText",
            "value": "Qual o valor da despesa?"
          }
        ]
      },
      {
        "id": "Elicit.Slot.794641548916.1587599230398",
        "variations": [
          {
            "type": "PlainText",
            "value": "Qual a data de vencimento da despesa?"
          }
        ]
      },
      {
        "id": "Elicit.Slot.46458018102.906269870788",
        "variations": [
          {
            "type": "PlainText",
            "value": "Qual o nome do investimento?"
          }
        ]
      },
      {
        "id": "Elicit.Slot.46458018102.210311314616",
        "variations": [
          {
            "type": "PlainText",
            "value": "Qual o valor inicial do investimento?"
          }
        ]
      },
      {
        "id": "Elicit.Slot.1129556729890.1226561764214",
        "variations": [
          {
            "type": "PlainText",
            "value": "Qual a periodicidade da renda?"
          }
        ]
      },
      {
        "id": "Elicit.Slot.1129556729890.1316991872798",
        "variations": [
          {
            "type": "PlainText",
            "value": "Qual o valor da renda?"
          }
        ]
      },
      {
        "id": "Elicit.Slot.1129556729890.1040435192596",
        "variations": [
          {
            "type": "PlainText",
            "value": "Qual o nome da renda?"
          }
        ]
      },
      {
        "id": "Confirm.Intent.1129556729890",
        "variations": [
          {
            "type": "PlainText",
            "value": "A renda a ser cadastrada é {RendaNome} de {RendaValor} e periodicidade {RendaPeriodo}"
          }
        ]
      },
      {
        "id": "Elicit.Slot.1293602728827.761449698799",
        "variations": [
          {
            "type": "PlainText",
            "value": "Qual o nome so lembrete?"
          }
        ]
      },
      {
        "id": "Elicit.Slot.1293602728827.81601523439",
        "variations": [
          {
            "type": "PlainText",
            "value": "Qual a data para o lembrete?"
          }
        ]
      },
      {
        "id": "Elicit.Slot.1293602728827.284147794603",
        "variations": [
          {
            "type": "PlainText",
            "value": "Qual a periodicidade do lembrete?"
          }
        ]
      },
      {
        "id": "Confirm.Intent.1293602728827",
        "variations": [
          {
            "type": "PlainText",
            "value": "O lembrete cadastrado é {LembreteNome} no dia {LembreteData} e periodicidade {LembretePeriodo}"
          }
        ]
      },
      {
        "id": "Confirm.Intent.470626244692",
        "variations": [
          {
            "type": "PlainText",
            "value": "O investimento a ser cadastrado é {InvestimentoNome} de rendimento de {InvestimentoRentabilidade} porcento por {InvestimentoPeriodicidade}  Este investimento terá validade até {InvestimentoData}  e seu valor inicial será de {InvestimentoInicial}"
          }
        ]
      },
      {
        "id": "Elicit.Slot.470626244692.165985606379",
        "variations": [
          {
            "type": "PlainText",
            "value": "Qual o percentual de rentabilidade do investimento?"
          }
        ]
      },
      {
        "id": "Elicit.Slot.470626244692.1141911847275",
        "variations": [
          {
            "type": "PlainText",
            "value": "Qual a periodicidade do investimento?"
          }
        ]
      },
      {
        "id": "Elicit.Slot.470626244692.378919298518",
        "variations": [
          {
            "type": "PlainText",
            "value": "Até que data o investimento será mantido?"
          }
        ]
      }
    ]
  },
  "version": "17"
}