{
  "manifest": {
    "apis": {
      "custom": {
        "endpoint": {
          "uri": "arn:aws:lambda:us-east-1:070763044064:function:22175206-cfa4-4cab-822c-3f05a50b30aa:Release_0"
        },
        "interfaces": [],
        "locales": {},
        "regions": {
          "NA": {
            "endpoint": {
              "uri": "arn:aws:lambda:us-east-1:070763044064:function:22175206-cfa4-4cab-822c-3f05a50b30aa:Release_0"
            }
          },
          "EU": {
            "endpoint": {
              "uri": "arn:aws:lambda:eu-west-1:070763044064:function:22175206-cfa4-4cab-822c-3f05a50b30aa:Release_0"
            }
          },
          "FE": {
            "endpoint": {
              "uri": "arn:aws:lambda:us-west-2:070763044064:function:22175206-cfa4-4cab-822c-3f05a50b30aa:Release_0"
            }
          }
        }
      }
    },
    "manifestVersion": "1.0",
    "publishingInformation": {
      "distributionCountries": [],
      "isAvailableWorldwide": true,
      "locales": {
        "pt-BR": {
          "description": "Sample Full Description",
          "examplePhrases": [
            "Alexa abra olá mundo",
            "olá",
            "ajuda"
          ],
          "keywords": [],
          "name": "Organização Financeira",
          "summary": "Sample Short Description"
        }
      },
      "testingInstructions": "Sample Testing Instructions."
    }
  }
}